{
    "coefficients": [
        3.952035641993454e-14,
        90.2001179866782,
        1.4210854715202004e-14,
        65.128381113215
    ],
    "intercept": 2.220446049250313e-15,
    "r2_score": 1.0,
    "n_features": 4,
    "feature_names": [
        "x1",
        "x2",
        "x3",
        "x4"
    ]
}